cluster,salary_usd,years_experience,remote_ratio,benefits_score
0,88308.34147706079,3.4893696381947032,84.02648265572547,7.955427079447968
1,189595.88502083844,13.825202255454768,49.77935768570728,7.4818582986025985
2,86951.52635366072,3.3630149307429393,15.947112790070156,7.085554955927325
