Feature,Importance
years_experience,0.5614384439583039
company_location,0.24465031995488806
experience_level,0.057873417956033846
company_size,0.050727062261803575
job_description_length,0.019139781723482383
benefits_score,0.01619711205049263
job_title,0.01365132987998375
industry,0.012142086184822381
employee_residence,0.00756459006989021
employment_type,0.006068923579614282
education_required,0.005576178728138682
remote_ratio,0.00497075365254632
