Model,MSE,RMSE,R2 Score
Linear Regression,1395098437.4900992,37351.0165522988,0.6174866084953917
Random Forest,446535457.3086514,21131.3855984091,0.8775672113076927
